{"cameraMode":{"drawMode":0,"name":"Shaded","section":"Shading Mode"},"sceneLighting":true,"audioPlay":false,"sceneViewState":{"m_AlwaysRefresh":false,"showFog":true,"showSkybox":true,"showFlares":true,"showImageEffects":true,"showParticleSystems":true,"showVisualEffectGraphs":true,"m_FxEnabled":true},"in2DMode":false,"pivot":{"x":16.112123489379884,"y":-3.113311290740967,"z":-10.268668174743653},"rotation":{"x":-0.04608017951250076,"y":-0.9113420844078064,"z":0.10662882775068283,"w":-0.39546504616737368},"size":12.12435531616211,"orthographic":false}