{"cameraMode":{"drawMode":0,"name":"Shaded","section":"Shading Mode"},"sceneLighting":true,"audioPlay":false,"sceneViewState":{"m_AlwaysRefresh":false,"showFog":true,"showSkybox":true,"showFlares":true,"showImageEffects":true,"showParticleSystems":true,"showVisualEffectGraphs":true,"m_FxEnabled":true},"in2DMode":false,"pivot":{"x":-0.44151782989501955,"y":2.0865869522094728,"z":3.844540596008301},"rotation":{"x":-0.0013957505580037833,"y":-0.012046421878039837,"z":0.00014342817303258926,"w":-1.0000523328781129},"size":1.2247449159622193,"orthographic":false}