{"cameraMode":{"drawMode":0,"name":"Shaded","section":"Shading Mode"},"sceneLighting":true,"audioPlay":false,"sceneViewState":{"m_AlwaysRefresh":false,"showFog":true,"showSkybox":true,"showFlares":true,"showImageEffects":true,"showParticleSystems":true,"showVisualEffectGraphs":true,"m_FxEnabled":true},"in2DMode":false,"pivot":{"x":1248.334228515625,"y":692.4238891601563,"z":-31.096435546875},"rotation":{"x":0.016604172065854074,"y":-0.00004733192690764554,"z":0.00012681004591286182,"w":-0.9999892711639404},"size":969.9615478515625,"orthographic":false}