{"cameraMode":{"drawMode":0,"name":"Shaded","section":"Shading Mode"},"sceneLighting":true,"audioPlay":false,"sceneViewState":{"m_AlwaysRefresh":false,"showFog":true,"showSkybox":true,"showFlares":true,"showImageEffects":true,"showParticleSystems":true,"showVisualEffectGraphs":true,"m_FxEnabled":true},"in2DMode":false,"pivot":{"x":0.8565360307693481,"y":-14.408004760742188,"z":12.038622856140137},"rotation":{"x":-0.5320824384689331,"y":-0.03209362179040909,"z":0.020467491820454599,"w":-0.8460723757743836},"size":12.438709259033204,"orthographic":false}