{"cameraMode":{"drawMode":0,"name":"Shaded","section":"Shading Mode"},"sceneLighting":true,"audioPlay":false,"sceneViewState":{"m_AlwaysRefresh":false,"showFog":true,"showSkybox":true,"showFlares":true,"showImageEffects":true,"showParticleSystems":true,"showVisualEffectGraphs":true,"m_FxEnabled":true},"in2DMode":false,"pivot":{"x":-11.91815185546875,"y":2167.813232421875,"z":3.7562713623046877},"rotation":{"x":0.01459423266351223,"y":0.028596093878149987,"z":0.000594205514062196,"w":-0.99969482421875},"size":2092.728759765625,"orthographic":false}