{"cameraMode":{"drawMode":0,"name":"Shaded","section":"Shading Mode"},"sceneLighting":true,"audioPlay":false,"sceneViewState":{"m_AlwaysRefresh":false,"showFog":true,"showSkybox":true,"showFlares":true,"showImageEffects":true,"showParticleSystems":true,"showVisualEffectGraphs":true,"m_FxEnabled":true},"in2DMode":false,"pivot":{"x":5.541942119598389,"y":10.132098197937012,"z":0.9621899127960205},"rotation":{"x":-0.10176766663789749,"y":0.8981496691703796,"z":-0.2959534227848053,"w":-0.30884265899658205},"size":0.8660253882408142,"orthographic":false}