{"cameraMode":{"drawMode":0,"name":"Shaded","section":"Shading Mode"},"sceneLighting":true,"audioPlay":false,"sceneViewState":{"m_AlwaysRefresh":false,"showFog":true,"showSkybox":true,"showFlares":true,"showImageEffects":true,"showParticleSystems":true,"showVisualEffectGraphs":true,"m_FxEnabled":true},"in2DMode":false,"pivot":{"x":-1.1855956315994263,"y":1.1055817604064942,"z":-0.1138777881860733},"rotation":{"x":-0.23675647377967835,"y":-0.5016789436340332,"z":0.14523541927337647,"w":-0.8194919228553772},"size":1.3449110984802247,"orthographic":false}