{"cameraMode":{"drawMode":0,"name":"Shaded","section":"Shading Mode"},"sceneLighting":true,"audioPlay":false,"sceneViewState":{"m_AlwaysRefresh":false,"showFog":true,"showSkybox":true,"showFlares":true,"showImageEffects":true,"showParticleSystems":true,"showVisualEffectGraphs":true,"m_FxEnabled":true},"in2DMode":false,"pivot":{"x":-4.164368629455566,"y":4.782766342163086,"z":5.6572465896606449},"rotation":{"x":0.11559005826711655,"y":0.8782917857170105,"z":-0.26826512813568118,"w":0.3788045048713684},"size":1.2247449159622193,"orthographic":false}